"","location_n","year","conflict_exists","any_ended","intense_exists","intense_ended","peripheral","center_seeking","start_date2","bd_best"
"1","India",2012,1,1,0,0,1,1,1990,409
"2","India",2014,1,1,0,0,1,1,1990,433
"3","Sudan",2011,1,1,1,0,1,1,1983,1404
"4","South Sudan",2011,1,0,0,0,0,1,2011,216
"5","South Sudan",2012,1,0,0,0,0,1,2011,137
"6","South Sudan",2013,1,0,0,0,0,1,2011,926
"7","South Sudan",2014,1,0,1,0,0,1,2011,1667
"8","South Sudan",2015,1,0,0,0,0,1,2011,493
"9","South Sudan",2016,1,0,0,0,0,1,2011,735
"10","South Sudan",2017,1,0,0,0,0,1,2011,484
"11","South Sudan",2018,1,0,0,0,0,1,2011,527
"12","South Sudan",2019,1,0,0,0,0,1,2011,110
"13","Libya",2011,1,1,1,1,0,1,2011,3762
"14","Libya",2013,1,0,0,0,0,1,2013,31
"15","Libya",2014,1,0,0,0,0,1,2013,274
"16","Libya",2015,1,1,0,0,1,1,2013,274
"17","Libya",2017,1,1,0,0,1,1,2015,404
"18","Libya",2019,1,0,1,0,1,1,2015,1695
"19","Mali",2009,1,1,0,0,1,1,2007,126
"20","Mali",2012,1,1,0,0,1,1,2012,218
"21","Mali",2013,1,0,0,0,0,1,2012,836
"22","Mali",2014,1,0,0,0,1,1,2012,189
"23","Mali",2015,1,1,0,0,1,1,2012,172
"24","Mali",2016,1,0,0,0,0,1,2012,96
"25","Mali",2017,1,0,0,0,1,1,2012,359
"26","Mali",2018,1,0,0,0,1,1,2012,522
"27","Mali",2019,1,0,0,0,1,1,2012,603
"28","China",2008,1,1,0,0,1,0,2008,36
"29","Bangladesh",2005,1,0,0,0,0,1,2005,62
"30","Bangladesh",2006,1,1,0,0,0,1,2005,57
"31","Ethiopia",1991,1,1,1,1,1,1,1964,12225
"32","Myanmar (Burma)",1991,1,1,0,0,1,1,1949,777
"33","Myanmar (Burma)",1995,1,1,0,0,1,0,1993,317
"34","Myanmar (Burma)",2000,1,0,0,0,1,0,1993,226
"35","Myanmar (Burma)",2001,1,1,0,0,1,0,1993,215
"36","Myanmar (Burma)",2005,1,1,0,0,1,0,2000,142
"37","Myanmar (Burma)",2006,1,0,0,0,1,0,2000,244
"38","Myanmar (Burma)",2007,1,1,0,0,1,0,2000,348
"39","Malaysia",2013,1,1,0,0,1,0,2013,70
"40","Syria",2012,1,0,1,0,1,1,2011,44653
"41","Syria",2013,1,0,1,0,1,1,2011,63001
"42","Syria",2014,1,0,1,0,1,1,2011,63473
"43","Syria",2015,1,1,1,0,1,1,2011,46710
"44","Ukraine",2014,1,1,1,1,1,1,2014,4379
"45","Ukraine",2015,1,0,1,0,1,0,2014,1314
"46","Ukraine",2016,1,0,0,0,1,0,2014,252
"47","Ukraine",2017,1,0,0,0,1,0,2014,409
"48","Ukraine",2018,1,0,0,0,1,0,2014,243
"49","Ukraine",2019,1,0,0,0,1,0,2014,234
"50","Russia (Soviet Union)",2015,1,1,0,0,1,0,2007,85
"51","Russia (Soviet Union)",2016,1,0,0,0,1,0,2015,69
"52","Russia (Soviet Union)",2017,1,0,0,0,1,0,2015,53
"53","Russia (Soviet Union)",2018,1,0,0,0,1,0,2015,29
"54","Russia (Soviet Union)",2019,1,0,0,0,1,0,2015,26
"55","Syria",2016,1,1,1,0,1,1,2011,39539
"56","Syria",2017,1,0,1,0,1,1,2011,20480
"57","Syria",2018,1,1,1,0,1,1,2011,11824
"58","Syria",2019,1,0,1,0,1,1,2011,7304
"59","Afghanistan",2015,1,0,1,0,1,1,1978,17255
"60","Afghanistan",2016,1,0,1,0,1,1,1978,17916
"61","Afghanistan",2017,1,0,1,0,1,1,1978,18968
"62","Afghanistan",2018,1,0,1,0,1,1,1978,25679
"63","Afghanistan",2019,1,0,1,0,1,1,1978,29903
"64","Cameroon",2015,1,0,0,0,1,1,2015,995
"65","Cameroon",2016,1,1,0,0,1,1,2015,221
"66","Cameroon",2019,1,0,0,0,1,0,2017,693
"67","Niger",2015,1,0,0,0,1,0,2015,171
"68","Niger",2016,1,0,0,0,1,0,2015,274
"69","Niger",2017,1,0,0,0,1,0,2015,229
"70","Niger",2018,1,0,0,0,1,0,2015,74
"71","Niger",2019,1,0,0,0,1,0,2015,298
"72","Chad",2015,1,1,0,0,1,0,2015,272
"73","Chad",2017,1,0,0,0,1,0,2017,57
"74","Chad",2018,1,1,0,0,1,1,2017,150
"75","Chad",2019,1,0,0,0,1,0,2017,184
"76","Nigeria",2015,1,0,1,0,1,1,2011,4622
"77","Nigeria",2016,1,0,1,0,1,1,2011,2448
"78","Nigeria",2017,1,0,1,0,1,1,2011,1879
"79","Nigeria",2018,1,0,0,0,1,1,2011,1171
"80","Nigeria",2019,1,0,1,0,1,1,2011,1327
"81","Yemen (North Yemen)",2015,1,1,1,0,1,1,2009,6794
"82","Yemen (North Yemen)",2017,1,1,1,0,1,1,2009,2686
"83","Kenya",2015,1,0,0,0,1,0,2015,42
"84","Kenya",2016,1,0,0,0,1,0,2015,49
"85","Kenya",2017,1,0,0,0,1,0,2015,85
"86","Kenya",2018,1,0,0,0,1,0,2015,69
"87","Kenya",2019,1,0,0,0,1,0,2015,61
"88","Egypt",2015,1,0,0,0,1,0,2015,767
"89","Egypt",2016,1,0,0,0,1,0,2015,355
"90","Egypt",2017,1,0,0,0,1,1,2015,499
"91","Egypt",2018,1,0,0,0,1,1,2015,678
"92","Egypt",2019,1,0,0,0,1,1,2015,448
"93","India",2015,1,0,0,0,1,1,1990,466
"94","India",2016,1,0,0,0,1,1,1990,593
"95","India",2017,1,0,0,0,1,1,1990,605
"96","India",2018,1,1,0,0,1,1,1990,721
"97","Bangladesh",2016,1,0,0,0,1,0,2016,41
"98","Bangladesh",2017,1,1,0,0,1,0,2016,47
"99","Lebanon",2014,1,0,0,0,1,0,2014,126
"100","Lebanon",2015,1,1,0,0,1,0,2014,76
"101","Lebanon",2017,1,1,0,0,1,0,2017,70
"102","Libya",2016,1,0,1,0,1,0,2015,1678
"103","Libya",2018,1,0,0,0,1,0,2015,44
"104","Algeria",2015,1,1,0,0,1,1,1991,110
"105","Burkina Faso",2019,1,0,0,0,1,1,2018,344
"106","Jordan",2016,1,1,0,0,1,0,2016,34
"107","Turkey",2015,1,0,0,0,1,0,2015,933
"108","Turkey",2016,1,1,1,0,1,1,2015,2535
"109","Turkey",2017,1,1,0,0,1,0,2015,1314
"110","Pakistan",2016,1,1,0,0,1,1,2007,681
"111","Pakistan",2017,1,0,0,0,1,1,2007,586
"112","Pakistan",2018,1,0,0,0,1,1,2007,198
"113","Pakistan",2019,1,0,0,0,1,1,2007,214
"114","Somalia",2018,1,1,1,0,1,1,2006,2208
"115","Cameroon",2017,1,1,0,0,1,1,2015,98
"116","Cameroon",2018,1,0,0,0,1,0,2017,751
"117","Somalia",2019,1,0,1,0,1,1,2006,1945
"118","Iran",2017,1,1,0,0,1,0,2017,27
"119","Philippines",2016,1,0,0,0,1,1,1993,550
"120","Philippines",2017,1,0,1,0,1,1,1993,1621
"121","Philippines",2018,1,0,0,0,1,1,1993,420
"122","Philippines",2019,1,0,0,0,1,1,1993,309
"123","Tunisia",2016,1,1,0,0,1,0,2016,72
"124","Mozambique",2019,1,0,0,0,1,1,2018,278
"125","Ethiopia",2019,1,0,0,0,1,0,2019,27
"126","Iran",1993,1,1,0,0,1,1,1993,186
"127","Iran",1996,1,1,0,0,1,0,1996,27
"128","Iran",2016,1,1,0,0,1,0,2016,30
"129","Iran",2018,1,1,0,0,1,1,2018,71
"130","Philippines",1991,1,0,1,0,0,1,1969,1514
"131","Philippines",1992,1,0,0,0,0,1,1969,430
"132","Philippines",1993,1,0,0,0,1,1,1969,253
"133","Philippines",1994,1,0,0,0,1,1,1969,265
"134","Philippines",1995,1,1,0,0,1,1,1969,152
"135","Philippines",1997,1,1,0,0,1,1,1993,302
"136","Philippines",1999,1,0,0,0,1,1,1993,199
"137","Philippines",2000,1,0,1,0,1,1,1993,1567
"138","Philippines",2001,1,0,0,0,1,1,1993,749
"139","Philippines",2002,1,0,0,0,1,1,1993,662
"140","Philippines",2003,1,0,0,0,1,1,1993,1056
"141","Philippines",2004,1,0,0,0,1,1,1993,339
"142","Philippines",2005,1,0,0,0,1,1,1993,470
"143","Philippines",2006,1,0,0,0,1,1,1993,360
"144","Philippines",2007,1,0,0,0,1,1,1993,439
"145","Philippines",2008,1,0,0,0,1,1,1993,481
"146","Philippines",2009,1,0,0,0,1,1,1993,894
"147","Philippines",2010,1,0,0,0,1,1,1993,332
"148","Philippines",2011,1,0,0,0,1,1,1993,350
"149","Philippines",2012,1,0,0,0,1,1,1993,295
"150","Philippines",2013,1,0,0,0,1,1,1993,514
"151","Philippines",2014,1,0,0,0,1,1,1993,470
"152","Philippines",2015,1,0,0,0,1,1,1993,572
"153","Myanmar (Burma)",1992,1,1,1,1,1,1,1949,1617
"154","Myanmar (Burma)",1994,1,1,0,0,1,1,1993,685
"155","Myanmar (Burma)",1997,1,1,0,0,1,0,1993,323
"156","Myanmar (Burma)",1998,1,1,0,0,1,0,1993,61
"157","Myanmar (Burma)",2002,1,1,0,0,1,0,1993,294
"158","Myanmar (Burma)",2003,1,0,0,0,1,0,2000,38
"159","Myanmar (Burma)",2004,1,0,0,0,1,0,2000,27
"160","Myanmar (Burma)",2008,1,0,0,0,1,0,2000,64
"161","Myanmar (Burma)",2009,1,1,0,0,1,0,2000,190
"162","Myanmar (Burma)",2010,1,0,0,0,1,0,2000,157
"163","Myanmar (Burma)",2011,1,1,0,0,1,0,2000,713
"164","Myanmar (Burma)",2013,1,1,0,0,1,1,2011,278
"165","Myanmar (Burma)",2014,1,0,0,0,1,1,2011,187
"166","Myanmar (Burma)",2015,1,1,0,0,1,1,2011,634
"167","Myanmar (Burma)",2017,1,1,0,0,1,1,2011,517
"168","Myanmar (Burma)",2018,1,0,0,0,1,1,2011,99
"169","Myanmar (Burma)",2019,1,0,0,0,1,1,2011,558
"170","Myanmar (Burma)",2016,1,0,0,0,1,0,2011,118
"171","Myanmar (Burma)",1996,1,1,0,0,1,0,1993,229
"172","India",1991,1,0,1,0,1,1,1983,3081
"173","India",1992,1,1,1,0,1,1,1983,3053
"174","India",1993,1,1,0,0,1,1,1983,1503
"175","India",1994,1,1,0,0,1,1,1990,1172
"176","India",1996,1,1,0,0,1,1,1990,803
"177","India",1997,1,1,0,0,1,1,1990,872
"178","India",1998,1,0,0,0,1,1,1990,786
"179","India",1999,1,1,0,0,1,1,1990,1139
"180","India",2000,1,1,1,0,1,1,1990,2787
"181","India",2001,1,0,0,0,1,1,1990,1129
"182","India",2002,1,0,1,0,1,1,1990,1786
"183","India",2003,1,0,1,0,1,1,1990,1426
"184","India",2004,1,1,1,0,1,1,1990,1374
"185","India",2005,1,0,1,0,1,1,1990,1382
"186","India",2006,1,0,0,0,1,1,1990,1372
"187","India",2007,1,0,0,0,1,1,1990,1084
"188","India",2008,1,1,0,0,1,1,1990,1076
"189","India",2009,1,1,0,0,1,1,1990,1115
"190","India",2010,1,1,0,0,1,1,1990,1029
"191","India",2011,1,0,0,0,1,1,1990,433
"192","India",2013,1,0,0,0,1,1,1990,384
"193","India",2019,1,0,0,0,1,1,1990,479
"194","Yemen (North Yemen)",2009,1,0,0,0,0,1,2009,94
"195","Yemen (North Yemen)",2010,1,0,0,0,0,1,2009,175
"196","Yemen (North Yemen)",2011,1,0,1,0,0,1,2009,1140
"197","Yemen (North Yemen)",2012,1,0,1,0,0,1,2009,2330
"198","Yemen (North Yemen)",2013,1,0,0,0,0,1,2009,582
"199","Yemen (North Yemen)",2014,1,0,1,0,0,1,2009,1660
"200","Yemen (North Yemen)",2016,1,0,1,0,0,1,2009,2966
"201","Yemen (North Yemen)",2018,1,0,1,0,0,1,2009,4515
"202","Yemen (North Yemen)",2019,1,0,1,0,0,1,2009,1663
"203","Myanmar (Burma)",2012,1,0,0,0,1,0,2011,702
"204","Guatemala",1991,1,0,0,0,0,1,1965,72
"205","Guatemala",1992,1,0,0,0,0,1,1965,67
"206","Guatemala",1993,1,0,0,0,0,1,1965,58
"207","Guatemala",1994,1,0,0,0,0,1,1965,37
"208","Guatemala",1995,1,1,0,0,0,1,1965,27
"209","Israel",1991,1,0,0,0,1,0,1949,56
"210","Israel",1992,1,0,0,0,1,0,1949,120
"211","Israel",1993,1,0,0,0,1,0,1949,171
"212","Israel",1994,1,0,0,0,1,0,1949,126
"213","Israel",1995,1,0,0,0,1,0,1949,108
"214","Israel",1996,1,1,0,0,1,0,1949,161
"215","Israel",2000,1,0,0,0,1,0,2000,77
"216","Israel",2001,1,0,0,0,1,0,2000,244
"217","Israel",2002,1,0,0,0,1,0,2000,611
"218","Israel",2003,1,0,0,0,1,0,2000,309
"219","Israel",2004,1,0,0,0,1,0,2000,379
"220","Israel",2005,1,0,0,0,1,0,2000,120
"221","Israel",2006,1,1,0,0,1,0,2000,1135
"222","Israel",2007,1,0,0,0,1,0,2000,276
"223","Israel",2008,1,0,0,0,1,0,2000,665
"224","Israel",2009,1,0,0,0,1,0,2000,679
"225","Israel",2010,1,0,0,0,1,0,2000,27
"226","Israel",2011,1,0,0,0,1,0,2000,56
"227","Israel",2012,1,1,0,0,1,0,2000,64
"228","Israel",2014,1,1,1,1,1,0,2014,1674
"229","Israel",2018,1,0,0,0,1,0,2018,58
"230","Israel",2019,1,0,0,0,1,0,2018,50
"231","India",1995,1,0,0,0,1,0,1990,836
"232","Iraq",1991,1,0,1,0,1,1,1973,1484
"233","Iraq",1992,1,1,0,0,1,1,1973,306
"234","Iraq",1993,1,0,0,0,0,1,1991,75
"235","Iraq",1994,1,0,0,0,0,1,1991,34
"236","Iraq",1995,1,0,0,0,1,1,1991,587
"237","Iraq",1996,1,1,0,0,1,1,1991,398
"238","Iraq",2004,1,0,1,0,0,1,2004,4094
"239","Iraq",2005,1,0,1,0,0,1,2004,2608
"240","Iraq",2006,1,0,1,0,0,1,2004,3934
"241","Iraq",2007,1,0,1,0,0,1,2004,2212
"242","Iraq",2008,1,0,1,0,0,1,2004,2112
"243","Iraq",2009,1,0,1,0,0,1,2004,1036
"244","Iraq",2010,1,0,1,0,0,1,2004,1015
"245","Iraq",2011,1,0,0,0,0,1,2004,864
"246","Iraq",2012,1,0,0,0,0,1,2004,565
"247","Iraq",2013,1,0,1,0,0,1,2004,1870
"248","Iraq",2014,1,0,1,0,0,1,2004,12853
"249","Iraq",2015,1,0,1,0,0,1,2004,10947
"250","Iraq",2016,1,0,1,0,0,1,2004,9832
"251","Iraq",2017,1,0,1,0,0,1,2004,10040
"252","Iraq",2018,1,0,0,0,0,1,2004,833
"253","Iraq",2019,1,0,0,0,0,1,2004,498
"254","Myanmar (Burma)",1993,1,0,0,0,1,0,1993,130
"255","Myanmar (Burma)",1999,1,0,0,0,1,0,1993,25
"256","DR Congo (Zaire)",2013,1,0,1,0,1,1,2011,1473
"257","DR Congo (Zaire)",2014,1,1,0,0,1,1,2011,138
"258","Nepal",1996,1,0,0,0,0,1,1996,44
"259","Nepal",1997,1,0,0,0,0,1,1996,40
"260","Nepal",1998,1,0,0,0,0,1,1996,250
"261","Nepal",1999,1,0,0,0,0,1,1996,156
"262","Nepal",2000,1,0,0,0,0,1,1996,268
"263","Nepal",2001,1,0,0,0,0,1,1996,429
"264","Nepal",2002,1,0,1,0,0,1,1996,3946
"265","Nepal",2003,1,0,1,0,0,1,1996,1341
"266","Nepal",2004,1,0,1,0,0,1,1996,1880
"267","Nepal",2005,1,0,1,0,0,1,1996,1104
"268","Nepal",2006,1,1,0,0,0,1,1996,457
"269","Venezuela",1992,1,1,0,0,0,1,1992,144
"270","DR Congo (Zaire)",1996,1,0,1,0,0,1,1996,1304
"271","DR Congo (Zaire)",1997,1,0,1,0,0,1,1996,4457
"272","DR Congo (Zaire)",1998,1,0,1,0,0,1,1996,3268
"273","DR Congo (Zaire)",1999,1,0,1,0,0,1,1996,2953
"274","DR Congo (Zaire)",2000,1,0,1,0,0,1,1996,1294
"275","DR Congo (Zaire)",2001,1,1,0,0,0,1,1996,454
"276","DR Congo (Zaire)",2005,1,0,0,0,0,1,2005,34
"277","DR Congo (Zaire)",2006,1,0,0,0,0,1,2005,182
"278","DR Congo (Zaire)",2007,1,0,0,0,1,1,2005,632
"279","DR Congo (Zaire)",2008,1,1,0,0,1,1,2005,736
"280","DR Congo (Zaire)",2011,1,0,0,0,0,1,2011,41
"281","DR Congo (Zaire)",2012,1,0,0,0,0,1,2011,703
"282","DR Congo (Zaire)",2016,1,0,0,0,0,1,2016,477
"283","DR Congo (Zaire)",2017,1,1,1,0,1,1,2016,3395
"284","DR Congo (Zaire)",2018,1,0,0,0,0,1,2016,425
"285","DR Congo (Zaire)",2019,1,0,0,0,0,1,2016,177
"286","Burundi",1991,1,0,0,0,0,1,1991,272
"287","Burundi",1992,1,1,0,0,0,1,1991,61
"288","Burundi",1994,1,0,0,0,0,1,1994,56
"289","Burundi",1995,1,0,0,0,0,1,1994,254
"290","Burundi",1996,1,0,0,0,0,1,1994,531
"291","Burundi",1997,1,0,0,0,0,1,1994,639
"292","Burundi",1998,1,0,0,0,0,1,1994,621
"293","Burundi",1999,1,0,0,0,0,1,1994,524
"294","Burundi",2000,1,0,1,0,0,1,1994,1348
"295","Burundi",2001,1,0,1,0,0,1,1994,1182
"296","Burundi",2002,1,0,1,0,0,1,1994,1114
"297","Burundi",2003,1,0,0,0,0,1,1994,972
"298","Burundi",2004,1,0,0,0,0,1,1994,387
"299","Burundi",2005,1,0,0,0,0,1,1994,286
"300","Burundi",2006,1,1,0,0,0,1,1994,141
"301","Burundi",2008,1,1,0,0,0,1,2008,201
"302","Burundi",2014,1,0,0,0,0,1,2014,49
"303","Burundi",2015,1,1,0,0,0,1,2014,133
"304","Burundi",2019,1,0,0,0,0,1,2019,60
"305","Chad",1991,1,0,0,0,0,1,1989,68
"306","Chad",1992,1,0,0,0,0,1,1989,899
"307","Chad",1993,1,0,0,0,0,1,1989,120
"308","Chad",1994,1,1,0,0,0,1,1989,156
"309","Chad",1997,1,0,0,0,0,1,1997,97
"310","Chad",1998,1,0,0,0,0,1,1997,34
"311","Chad",1999,1,0,0,0,0,1,1997,394
"312","Chad",2000,1,0,1,0,0,1,1997,989
"313","Chad",2001,1,0,0,0,0,1,1997,226
"314","Chad",2002,1,0,0,0,0,1,1997,294
"315","Chad",2003,1,1,0,0,0,1,1997,37
"316","Chad",2005,1,0,0,0,0,1,2005,100
"317","Chad",2006,1,0,1,0,0,1,2005,1250
"318","Chad",2007,1,0,0,0,0,1,2005,69
"319","Chad",2008,1,0,0,0,0,1,2005,991
"320","Chad",2009,1,0,0,0,0,1,2005,131
"321","Chad",2010,1,1,0,0,0,1,2005,42
"322","Colombia",1991,1,0,0,0,0,1,1964,725
"323","Colombia",1992,1,0,1,0,0,1,1964,1479
"324","Colombia",1993,1,0,0,0,0,1,1964,182
"325","Colombia",1994,1,0,1,0,0,1,1964,1123
"326","Colombia",1995,1,0,0,0,0,1,1964,823
"327","Colombia",1996,1,0,1,0,0,1,1964,1192
"328","Colombia",1997,1,0,0,0,0,1,1964,560
"329","Colombia",1998,1,0,0,0,0,1,1964,939
"330","Colombia",1999,1,0,1,0,0,1,1964,1374
"331","Colombia",2000,1,0,1,0,0,1,1964,1023
"332","Colombia",2001,1,0,1,0,0,1,1964,1072
"333","Colombia",2002,1,0,1,0,0,1,1964,2263
"334","Colombia",2003,1,0,0,0,0,1,1964,730
"335","Colombia",2004,1,0,1,0,0,1,1964,1234
"336","Colombia",2005,1,0,1,0,0,1,1964,1389
"337","Colombia",2006,1,0,0,0,0,1,1964,502
"338","Colombia",2007,1,0,0,0,0,1,1964,316
"339","Colombia",2008,1,0,0,0,0,1,1964,244
"340","Colombia",2009,1,0,0,0,0,1,1964,377
"341","Colombia",2010,1,0,0,0,0,1,1964,419
"342","Colombia",2011,1,0,0,0,0,1,1964,202
"343","Colombia",2012,1,0,0,0,0,1,1964,211
"344","Colombia",2013,1,0,0,0,0,1,1964,140
"345","Colombia",2014,1,0,0,0,0,1,1964,119
"346","Colombia",2015,1,0,0,0,0,1,1964,134
"347","Colombia",2016,1,1,0,0,0,1,1964,30
"348","Colombia",2018,1,0,0,0,0,1,2018,142
"349","Colombia",2019,1,0,0,0,0,1,2018,124
"350","Indonesia",2018,1,1,0,0,1,0,2018,25
"351","Peru",1991,1,0,1,0,0,1,1982,1138
"352","Peru",1992,1,0,1,0,0,1,1982,1036
"353","Peru",1993,1,0,0,0,0,1,1982,672
"354","Peru",1994,1,0,0,0,0,1,1982,253
"355","Peru",1995,1,0,0,0,0,1,1982,178
"356","Peru",1996,1,0,0,0,0,1,1982,80
"357","Peru",1997,1,0,0,0,0,1,1982,93
"358","Peru",1998,1,0,0,0,0,1,1982,25
"359","Peru",1999,1,1,0,0,0,1,1982,75
"360","Peru",2007,1,0,0,0,0,1,2007,32
"361","Peru",2008,1,0,0,0,0,1,2007,40
"362","Peru",2009,1,0,0,0,0,1,2007,50
"363","Peru",2010,1,1,0,0,0,1,2007,28
"364","Nigeria",2009,1,1,0,0,0,1,2009,405
"365","Nigeria",2011,1,0,0,0,0,1,2011,324
"366","Nigeria",2012,1,0,0,0,0,1,2011,811
"367","Nigeria",2013,1,0,1,0,0,1,2011,1629
"368","Nigeria",2014,1,0,1,0,0,1,2011,4780
"369","Syria",2011,1,0,1,0,0,1,2011,1142
"370","Cambodia (Kampuchea)",1991,1,0,0,0,0,1,1978,220
"371","Cambodia (Kampuchea)",1992,1,0,0,0,0,1,1978,118
"372","Cambodia (Kampuchea)",1993,1,0,0,0,0,1,1978,274
"373","Cambodia (Kampuchea)",1994,1,0,0,0,0,1,1978,464
"374","Cambodia (Kampuchea)",1995,1,0,0,0,0,1,1978,694
"375","Cambodia (Kampuchea)",1996,1,0,0,0,0,1,1978,788
"376","Cambodia (Kampuchea)",1997,1,0,0,0,0,1,1978,415
"377","Cambodia (Kampuchea)",1998,1,1,0,0,0,1,1978,246
"378","Guinea",2000,1,0,0,0,0,1,2000,217
"379","Guinea",2001,1,1,0,0,0,1,2000,432
"380","Philippines",1996,1,0,0,0,1,0,1993,180
"381","Philippines",1998,1,0,0,0,1,0,1993,93
"382","Sudan",1991,1,0,1,0,0,1,1983,1317
"383","Sudan",1992,1,0,1,0,0,1,1983,1083
"384","Sudan",1993,1,0,0,0,0,1,1983,942
"385","Sudan",1994,1,0,0,0,0,1,1983,337
"386","Sudan",1995,1,0,1,0,0,1,1983,1000
"387","Sudan",1996,1,0,1,0,0,1,1983,2289
"388","Sudan",1997,1,0,1,0,0,1,1983,3709
"389","Sudan",1998,1,0,1,0,0,1,1983,4891
"390","Sudan",1999,1,0,1,0,0,1,1983,1408
"391","Sudan",2000,1,0,1,0,0,1,1983,2841
"392","Sudan",2001,1,0,1,0,0,1,1983,3408
"393","Sudan",2002,1,0,1,0,0,1,1983,2021
"394","Sudan",2003,1,0,1,0,0,1,1983,1999
"395","Sudan",2004,1,0,1,0,0,1,1983,3278
"396","Sudan",2005,1,0,0,0,0,1,1983,161
"397","Sudan",2006,1,0,1,0,0,1,1983,1002
"398","Sudan",2007,1,0,0,0,0,1,1983,217
"399","Sudan",2008,1,0,0,0,0,1,1983,598
"400","Sudan",2009,1,0,0,0,0,1,1983,353
"401","Sudan",2010,1,0,1,0,0,1,1983,1010
"402","Sudan",2012,1,0,1,0,0,1,1983,1173
"403","Sudan",2013,1,0,0,0,0,1,1983,593
"404","Sudan",2014,1,0,0,0,0,1,1983,856
"405","Sudan",2015,1,0,1,0,0,1,1983,1264
"406","Sudan",2016,1,0,1,0,0,1,1983,1309
"407","Sudan",2017,1,0,0,0,0,1,1983,160
"408","Sudan",2018,1,1,0,0,0,1,1983,243
"409","Uganda",1991,1,0,0,0,0,1,1979,853
"410","Uganda",1992,1,1,0,0,0,1,1979,72
"411","Uganda",1994,1,0,0,0,0,1,1994,149
"412","Uganda",1995,1,0,0,0,0,1,1994,295
"413","Uganda",1996,1,0,1,0,0,1,1994,1240
"414","Uganda",1997,1,0,0,0,0,1,1994,888
"415","Uganda",1998,1,0,0,0,0,1,1994,835
"416","Uganda",1999,1,0,0,0,0,1,1994,355
"417","Uganda",2000,1,0,0,0,0,1,1994,388
"418","Uganda",2001,1,0,0,0,0,1,1994,189
"419","Uganda",2002,1,0,1,0,0,1,1994,1086
"420","Uganda",2003,1,0,0,0,0,1,1994,642
"421","Uganda",2004,1,0,1,0,0,1,1994,1610
"422","Uganda",2005,1,0,0,0,0,1,1994,695
"423","Uganda",2006,1,0,0,0,0,1,1994,221
"424","Uganda",2007,1,0,0,0,0,1,1994,91
"425","Uganda",2008,1,0,0,0,0,1,1994,53
"426","Uganda",2009,1,0,0,0,0,1,1994,238
"427","Uganda",2010,1,0,0,0,0,1,1994,120
"428","Uganda",2011,1,1,0,0,0,1,1994,136
"429","Uganda",2013,1,0,0,0,0,1,2013,100
"430","Uganda",2014,1,0,0,0,0,1,2013,864
"431","Uganda",2015,1,0,0,0,0,1,2013,197
"432","Uganda",2016,1,0,0,0,0,1,2013,142
"433","Uganda",2017,1,0,0,0,0,1,2013,235
"434","Uganda",2018,1,0,0,0,0,1,2013,378
"435","Uganda",2019,1,0,0,0,0,1,2013,332
"436","United Kingdom",1991,1,1,0,0,1,0,1971,26
"437","United Kingdom",1998,1,1,0,0,1,0,1998,29
"438","El Salvador",1991,1,1,0,0,0,1,1979,88
"439","Bangladesh",1991,1,1,0,0,1,0,1975,25
"440","Pakistan",2004,1,1,0,0,1,0,2004,43
"441","Pakistan",2006,1,0,0,0,1,0,2006,200
"442","Pakistan",2007,1,0,0,0,1,1,2006,668
"443","Pakistan",2008,1,0,1,0,1,1,2006,3195
"444","Pakistan",2009,1,1,1,0,1,1,2006,6384
"445","Pakistan",2011,1,0,1,0,1,1,2007,2640
"446","Pakistan",2012,1,0,1,0,1,1,2007,2791
"447","Pakistan",2013,1,0,1,0,1,1,2007,1774
"448","Pakistan",2014,1,0,1,0,1,1,2007,3037
"449","Pakistan",2015,1,0,1,0,1,1,2007,2061
"450","Eritrea",1997,1,1,0,0,0,1,1997,31
"451","Eritrea",1999,1,1,0,0,0,1,1999,25
"452","Eritrea",2003,1,1,0,0,0,1,2003,57
"453","Angola",1991,1,0,0,0,1,1,1975,516
"454","Angola",1992,1,1,1,0,1,1,1975,2346
"455","Angola",1993,1,0,1,0,0,1,1975,12054
"456","Angola",1994,1,0,1,0,1,1,1975,3974
"457","Angola",1995,1,1,0,0,1,1,1975,187
"458","Angola",1998,1,1,1,0,1,1,1994,1066
"459","Angola",1999,1,0,1,0,0,1,1998,2273
"460","Angola",2000,1,0,1,0,0,1,1998,1000
"461","Angola",2001,1,0,1,0,0,1,1998,1123
"462","Angola",2002,1,1,0,0,1,1,1998,526
"463","Ethiopia",1993,1,0,0,0,1,0,1993,36
"464","Ethiopia",1994,1,1,0,0,1,0,1993,75
"465","Ethiopia",1996,1,1,0,0,1,0,1996,236
"466","Ethiopia",1998,1,0,0,0,1,0,1998,50
"467","Ethiopia",1999,1,0,0,0,1,0,1998,733
"468","Ethiopia",2000,1,0,0,0,1,0,1998,50
"469","Ethiopia",2001,1,0,0,0,1,0,1998,50
"470","Ethiopia",2002,1,0,0,0,1,0,1998,50
"471","Ethiopia",2003,1,0,0,0,1,0,1998,50
"472","Ethiopia",2004,1,0,0,0,1,0,1998,50
"473","Ethiopia",2005,1,0,0,0,1,0,1998,83
"474","Ethiopia",2006,1,0,0,0,1,0,1998,50
"475","Ethiopia",2007,1,0,0,0,1,0,1998,177
"476","Ethiopia",2008,1,0,0,0,1,0,1998,50
"477","Ethiopia",2009,1,0,0,0,1,0,1998,515
"478","Ethiopia",2010,1,0,0,0,1,0,1998,151
"479","Ethiopia",2011,1,0,0,0,1,0,1998,50
"480","Ethiopia",2012,1,0,0,0,1,0,1998,50
"481","Ethiopia",2013,1,1,0,0,1,0,1998,77
"482","Ethiopia",2014,1,0,0,0,1,0,1998,25
"483","Ethiopia",2015,1,0,0,0,1,0,1998,50
"484","Ethiopia",2016,1,1,0,0,1,0,1998,50
"485","Indonesia",1992,1,1,0,0,1,0,1992,39
"486","Indonesia",1997,1,0,0,0,1,0,1997,51
"487","Indonesia",1998,1,0,0,0,1,0,1997,30
"488","Indonesia",1999,1,1,0,0,1,0,1997,213
"489","Mozambique",1991,1,0,1,0,0,1,1977,1326
"490","Mozambique",1992,1,1,0,0,0,1,1977,309
"491","Mozambique",2013,1,0,0,0,0,1,2013,42
"492","Mozambique",2014,1,1,0,0,0,1,2013,30
"493","Mozambique",2016,1,1,0,0,0,1,2016,55
"494","Mozambique",2018,1,0,0,0,0,1,2018,53
"495","Afghanistan",1991,1,0,1,0,0,1,1978,3302
"496","Afghanistan",1992,1,0,1,0,0,1,1978,4276
"497","Afghanistan",1993,1,0,1,0,0,1,1978,3721
"498","Afghanistan",1994,1,0,1,0,0,1,1978,8937
"499","Afghanistan",1995,1,0,1,0,0,1,1978,5516
"500","Afghanistan",1996,1,0,1,0,0,1,1978,3177
"501","Afghanistan",1997,1,0,1,0,0,1,1978,6396
"502","Afghanistan",1998,1,0,1,0,0,1,1978,6256
"503","Afghanistan",1999,1,0,1,0,0,1,1978,4629
"504","Afghanistan",2000,1,0,1,0,0,1,1978,5235
"505","Afghanistan",2001,1,0,1,0,0,1,1978,2328
"506","Afghanistan",2002,1,0,0,0,0,1,1978,30
"507","Afghanistan",2003,1,0,0,0,0,1,1978,660
"508","Afghanistan",2004,1,0,0,0,0,1,1978,711
"509","Afghanistan",2005,1,0,1,0,0,1,1978,1628
"510","Afghanistan",2006,1,0,1,0,0,1,1978,4734
"511","Afghanistan",2007,1,0,1,0,0,1,1978,6843
"512","Afghanistan",2008,1,0,1,0,0,1,1978,5655
"513","Afghanistan",2009,1,0,1,0,0,1,1978,6381
"514","Afghanistan",2010,1,0,1,0,0,1,1978,7029
"515","Afghanistan",2011,1,0,1,0,0,1,1978,7423
"516","Afghanistan",2012,1,0,1,0,0,1,1978,7729
"517","Afghanistan",2013,1,0,1,0,0,1,1978,8048
"518","Afghanistan",2014,1,0,1,0,0,1,1978,12345
"519","Somalia",1991,1,0,1,0,0,1,1986,8005
"520","Somalia",1992,1,0,1,0,0,1,1986,1154
"521","Somalia",1993,1,0,0,0,0,1,1986,25
"522","Somalia",1994,1,0,0,0,0,1,1986,237
"523","Somalia",1995,1,0,0,0,0,1,1986,104
"524","Somalia",1996,1,1,0,0,0,1,1986,256
"525","Somalia",2001,1,0,0,0,0,1,2001,228
"526","Somalia",2002,1,1,0,0,0,1,2001,114
"527","Somalia",2006,1,0,0,0,0,1,2006,547
"528","Somalia",2007,1,0,1,0,0,1,2006,1546
"529","Somalia",2008,1,0,1,0,0,1,2006,1491
"530","Somalia",2009,1,0,1,0,0,1,2006,1467
"531","Somalia",2010,1,0,1,0,0,1,2006,2150
"532","Somalia",2011,1,0,1,0,0,1,2006,1938
"533","Somalia",2012,1,0,1,0,0,1,2006,2646
"534","Somalia",2013,1,0,0,0,0,1,2006,940
"535","Somalia",2014,1,0,1,0,0,1,2006,1153
"536","Somalia",2015,1,0,1,0,0,1,2006,1202
"537","Somalia",2016,1,0,1,0,0,1,2006,1925
"538","Somalia",2017,1,0,1,0,0,1,2006,1918
"539","Iran",1991,1,1,0,0,0,1,1991,45
"540","Iran",1997,1,1,0,0,0,1,1997,38
"541","Iran",1999,1,0,0,0,0,1,1999,28
"542","Iran",2000,1,0,0,0,0,1,1999,40
"543","Iran",2001,1,1,0,0,0,1,1999,119
"544","Iran",2005,1,0,0,0,0,1,2005,28
"545","Iran",2006,1,0,0,0,0,1,2005,57
"546","Iran",2007,1,0,0,0,0,1,2005,86
"547","Iran",2008,1,0,0,0,0,1,2005,121
"548","Iran",2009,1,0,0,0,0,1,2005,133
"549","Iran",2010,1,0,0,0,0,1,2005,74
"550","Iran",2011,1,1,0,0,0,1,2005,228
"551","Iran",2019,1,0,0,0,0,1,2018,29
"552","Liberia",2000,1,0,0,0,0,1,2000,57
"553","Liberia",2001,1,0,0,0,0,1,2000,341
"554","Liberia",2002,1,0,0,0,0,1,2000,492
"555","Liberia",2003,1,1,1,1,0,1,2000,1787
"556","Spain",1991,1,1,0,0,1,0,1991,44
"557","Sri Lanka",1991,1,0,1,0,1,0,1984,6432
"558","Sri Lanka",1992,1,0,1,0,1,0,1984,4091
"559","Sri Lanka",1993,1,0,1,0,1,0,1984,2075
"560","Sri Lanka",1994,1,0,0,0,1,0,1984,657
"561","Sri Lanka",1995,1,0,1,0,1,0,1984,4755
"562","Sri Lanka",1996,1,0,1,0,1,0,1984,3868
"563","Sri Lanka",1997,1,0,1,0,1,0,1984,2880
"564","Sri Lanka",1998,1,0,1,0,1,0,1984,3762
"565","Sri Lanka",1999,1,0,1,0,1,0,1984,1882
"566","Sri Lanka",2000,1,0,1,0,1,0,1984,2525
"567","Sri Lanka",2001,1,1,1,1,1,0,1984,1144
"568","Sri Lanka",2003,1,1,0,0,1,0,2003,29
"569","Sri Lanka",2005,1,0,0,0,1,0,2005,88
"570","Sri Lanka",2006,1,0,1,0,1,0,2005,1970
"571","Sri Lanka",2007,1,0,1,0,1,0,2005,2494
"572","Sri Lanka",2008,1,0,1,0,1,0,2005,8262
"573","Sri Lanka",2009,1,1,1,1,1,0,2005,10165
"574","Turkey",1991,1,0,0,0,1,1,1984,344
"575","Turkey",1992,1,1,1,0,1,1,1984,1584
"576","Turkey",1993,1,0,1,0,1,0,1984,2117
"577","Turkey",1994,1,0,1,0,1,0,1984,3980
"578","Turkey",1995,1,1,1,0,1,1,1984,3105
"579","Turkey",1996,1,0,1,0,1,0,1984,3573
"580","Turkey",1997,1,0,1,0,1,0,1984,4183
"581","Turkey",1998,1,0,1,0,1,0,1984,1952
"582","Turkey",1999,1,0,1,0,1,0,1984,1390
"583","Turkey",2000,1,0,0,0,1,0,1984,174
"584","Turkey",2001,1,0,0,0,1,0,1984,130
"585","Turkey",2002,1,0,0,0,1,0,1984,51
"586","Turkey",2003,1,0,0,0,1,0,1984,79
"587","Turkey",2004,1,0,0,0,1,0,1984,183
"588","Turkey",2005,1,1,0,0,1,1,1984,359
"589","Turkey",2006,1,0,0,0,1,0,1984,210
"590","Turkey",2007,1,0,0,0,1,0,1984,458
"591","Turkey",2008,1,0,0,0,1,0,1984,513
"592","Turkey",2009,1,0,0,0,1,0,1984,133
"593","Turkey",2010,1,0,0,0,1,0,1984,326
"594","Turkey",2011,1,0,0,0,1,0,1984,603
"595","Turkey",2012,1,0,0,0,1,0,1984,811
"596","Turkey",2013,1,1,0,0,1,0,1984,30
"597","Turkey",2018,1,0,0,0,1,0,2015,889
"598","Turkey",2019,1,0,0,0,1,0,2015,540
"599","Burkina Faso",2018,1,0,0,0,0,1,2018,79
"600","Indonesia",1991,1,1,0,0,1,0,1990,58
"601","Indonesia",2000,1,0,0,0,1,0,1999,286
"602","Indonesia",2001,1,0,0,0,1,0,1999,278
"603","Indonesia",2002,1,0,0,0,1,0,1999,466
"604","Indonesia",2003,1,0,0,0,1,0,1999,868
"605","Indonesia",2004,1,0,0,0,1,0,1999,935
"606","Indonesia",2005,1,1,0,0,1,0,1999,213
"607","Papua New Guinea",1992,1,0,0,0,1,0,1992,35
"608","Papua New Guinea",1993,1,0,0,0,1,0,1992,34
"609","Papua New Guinea",1994,1,0,0,0,1,0,1992,26
"610","Papua New Guinea",1995,1,0,0,0,1,0,1992,29
"611","Papua New Guinea",1996,1,1,0,0,1,0,1992,78
"612","Mali",1991,1,1,0,0,1,0,1990,59
"613","Mali",1994,1,1,0,0,1,0,1994,106
"614","Mali",2007,1,0,0,0,1,0,2007,39
"615","Mali",2008,1,0,0,0,1,0,2007,112
"616","Niger",1994,1,1,0,0,1,0,1994,50
"617","Rwanda",1991,1,0,0,0,0,1,1990,153
"618","Rwanda",1992,1,0,0,0,0,1,1990,87
"619","Rwanda",1993,1,0,0,0,0,1,1990,353
"620","Rwanda",1994,1,1,1,1,0,1,1990,1054
"621","Rwanda",1996,1,0,0,0,0,1,1996,90
"622","Rwanda",1997,1,0,0,0,0,1,1996,636
"623","Rwanda",1998,1,0,1,0,0,1,1996,1096
"624","Rwanda",1999,1,0,0,0,0,1,1996,315
"625","Rwanda",2000,1,0,0,0,0,1,1996,155
"626","Rwanda",2001,1,0,1,0,0,1,1996,2044
"627","Rwanda",2002,1,1,0,0,0,1,1996,59
"628","Rwanda",2009,1,0,1,0,0,1,2009,1824
"629","Rwanda",2010,1,0,0,0,0,1,2009,208
"630","Rwanda",2011,1,0,0,0,0,1,2009,116
"631","Rwanda",2012,1,1,0,0,0,1,2009,83
"632","Rwanda",2016,1,1,0,0,0,1,2016,136
"633","Rwanda",2018,1,0,0,0,0,1,2018,25
"634","Rwanda",2019,1,0,0,0,0,1,2018,200
"635","Senegal",1992,1,0,0,0,1,0,1992,78
"636","Senegal",1993,1,1,0,0,1,0,1992,233
"637","Senegal",1995,1,1,0,0,1,0,1995,299
"638","Senegal",1997,1,0,0,0,1,0,1997,319
"639","Senegal",1998,1,1,0,0,1,0,1997,242
"640","Senegal",2000,1,0,0,0,1,0,2000,47
"641","Senegal",2001,1,1,0,0,1,0,2000,33
"642","Senegal",2003,1,1,0,0,1,0,2003,39
"643","Senegal",2011,1,1,0,0,1,0,2011,25
"644","Russia (Soviet Union)",1991,1,1,0,0,1,0,1990,220
"645","Djibouti",1991,1,0,0,0,0,1,1991,59
"646","Djibouti",1992,1,0,0,0,0,1,1991,129
"647","Djibouti",1993,1,0,0,0,0,1,1991,33
"648","Djibouti",1994,1,1,0,0,0,1,1991,39
"649","Djibouti",1999,1,1,0,0,0,1,1999,25
"650","Georgia",1991,1,0,0,0,0,1,1991,52
"651","Georgia",1992,1,1,0,0,1,1,1991,771
"652","Georgia",1993,1,1,1,1,1,1,1991,1763
"653","Haiti",1991,1,1,0,0,0,1,1991,160
"654","Haiti",2004,1,1,0,0,0,1,2004,207
"655","Sierra Leone",1991,1,0,0,0,0,1,1991,552
"656","Sierra Leone",1992,1,0,0,0,0,1,1991,218
"657","Sierra Leone",1993,1,0,0,0,0,1,1991,415
"658","Sierra Leone",1994,1,0,0,0,0,1,1991,628
"659","Sierra Leone",1995,1,0,1,0,0,1,1991,1472
"660","Sierra Leone",1996,1,0,0,0,0,1,1991,570
"661","Sierra Leone",1997,1,0,0,0,0,1,1991,748
"662","Sierra Leone",1998,1,0,1,0,0,1,1991,3287
"663","Sierra Leone",1999,1,0,1,0,0,1,1991,3153
"664","Sierra Leone",2000,1,0,0,0,0,1,1991,382
"665","Sierra Leone",2001,1,1,0,0,0,1,1991,48
"666","Serbia",1991,1,1,1,0,1,0,1991,3022
"667","Serbia",1992,1,1,0,0,1,0,1991,112
"668","Algeria",1991,1,0,0,0,0,1,1991,34
"669","Algeria",1992,1,0,0,0,0,1,1991,257
"670","Algeria",1993,1,0,0,0,0,1,1991,800
"671","Algeria",1994,1,0,1,0,0,1,1991,1916
"672","Algeria",1995,1,0,1,0,0,1,1991,3008
"673","Algeria",1996,1,0,1,0,0,1,1991,1084
"674","Algeria",1997,1,0,1,0,0,1,1991,1403
"675","Algeria",1998,1,0,1,0,0,1,1991,3029
"676","Algeria",1999,1,0,1,0,0,1,1991,1016
"677","Algeria",2000,1,0,0,0,0,1,1991,932
"678","Algeria",2001,1,0,0,0,0,1,1991,642
"679","Algeria",2002,1,0,0,0,0,1,1991,539
"680","Algeria",2003,1,0,0,0,0,1,1991,670
"681","Algeria",2004,1,0,0,0,0,1,1991,451
"682","Algeria",2005,1,0,0,0,0,1,1991,229
"683","Algeria",2006,1,0,0,0,0,1,1991,255
"684","Algeria",2007,1,0,0,0,0,1,1991,472
"685","Algeria",2008,1,0,0,0,0,1,1991,339
"686","Algeria",2009,1,0,0,0,0,1,1991,505
"687","Algeria",2010,1,0,0,0,0,1,1991,236
"688","Algeria",2011,1,0,0,0,0,1,1991,267
"689","Algeria",2012,1,0,0,0,0,1,1991,256
"690","Algeria",2013,1,0,0,0,0,1,1991,147
"691","Algeria",2014,1,0,0,0,0,1,1991,107
"692","Algeria",2016,1,0,0,0,0,1,1991,86
"693","Algeria",2017,1,0,0,0,0,1,1991,60
"694","Algeria",2018,1,1,0,0,0,1,1991,33
"695","Angola",1996,1,0,0,0,1,0,1994,29
"696","Angola",1997,1,0,0,0,1,0,1994,51
"697","Angola",2003,1,0,0,0,1,0,2002,25
"698","Angola",2004,1,1,0,0,1,0,2002,25
"699","Angola",2007,1,1,0,0,1,0,2007,25
"700","Angola",2009,1,1,0,0,1,0,2009,25
"701","Angola",2016,1,0,0,0,1,0,2016,25
"702","Angola",2017,1,1,0,0,1,0,2016,25
"703","Angola",2019,1,0,0,0,1,0,2019,25
"704","Azerbaijan",1991,1,0,0,0,1,0,1991,35
"705","Azerbaijan",1992,1,0,1,0,1,0,1991,2167
"706","Azerbaijan",1993,1,1,1,0,1,1,1991,1231
"707","Azerbaijan",1994,1,1,1,1,1,0,1991,1507
"708","Azerbaijan",1997,1,0,0,0,1,0,1997,29
"709","Azerbaijan",1998,1,1,0,0,1,0,1997,34
"710","Azerbaijan",2005,1,1,0,0,1,0,2005,25
"711","Azerbaijan",2008,1,1,0,0,1,0,2008,30
"712","Azerbaijan",2012,1,1,0,0,1,0,2012,25
"713","Azerbaijan",2014,1,0,0,0,1,0,2014,46
"714","Azerbaijan",2015,1,0,0,0,1,0,2014,72
"715","Azerbaijan",2016,1,0,0,0,1,0,2014,141
"716","Azerbaijan",2017,1,1,0,0,1,0,2014,36
"717","Bosnia-Herzegovina",1992,1,0,1,0,1,0,1992,4018
"718","Bosnia-Herzegovina",1993,1,0,1,0,1,0,1992,5295
"719","Bosnia-Herzegovina",1994,1,1,1,0,1,0,1992,2828
"720","Bosnia-Herzegovina",1995,1,1,1,1,1,0,1992,1313
"721","Croatia",1992,1,0,0,0,1,0,1992,126
"722","Croatia",1993,1,1,0,0,1,0,1992,345
"723","Croatia",1995,1,1,0,0,1,0,1995,858
"724","Egypt",1993,1,0,0,0,0,1,1993,103
"725","Egypt",1994,1,0,0,0,0,1,1993,145
"726","Egypt",1995,1,0,0,0,0,1,1993,191
"727","Egypt",1996,1,0,0,0,0,1,1993,85
"728","Egypt",1997,1,0,0,0,0,1,1993,66
"729","Egypt",1998,1,1,0,0,0,1,1993,27
"730","Egypt",2014,1,1,0,0,0,1,2014,184
"731","Georgia",2004,1,1,0,0,1,0,2004,27
"732","Georgia",2008,1,1,0,0,1,0,2008,621
"733","Moldova",1992,1,1,0,0,1,0,1992,585
"734","Tajikistan",1992,1,0,1,0,0,1,1992,3355
"735","Tajikistan",1993,1,0,1,0,0,1,1992,1395
"736","Tajikistan",1994,1,0,0,0,0,1,1992,356
"737","Tajikistan",1995,1,0,0,0,0,1,1992,368
"738","Tajikistan",1996,1,0,1,0,0,1,1992,2790
"739","Tajikistan",1997,1,0,0,0,0,1,1992,87
"740","Tajikistan",1998,1,1,0,0,0,1,1992,600
"741","Tajikistan",2000,1,1,0,0,0,1,2000,46
"742","Tajikistan",2010,1,0,0,0,0,1,2010,98
"743","Tajikistan",2011,1,1,0,0,0,1,2010,28
"744","Azerbaijan",1995,1,1,0,0,0,1,1995,44
"745","Russia (Soviet Union)",1993,1,1,0,0,0,1,1993,145
"746","Mexico",1994,1,1,0,0,0,1,1994,145
"747","Mexico",1996,1,1,0,0,0,1,1996,37
"748","Russia (Soviet Union)",1994,1,0,0,0,1,0,1994,229
"749","Russia (Soviet Union)",1995,1,0,1,0,1,0,1994,1754
"750","Russia (Soviet Union)",1996,1,1,1,1,1,0,1994,2721
"751","Russia (Soviet Union)",1999,1,1,1,0,1,0,1999,5854
"752","Russia (Soviet Union)",2000,1,0,1,0,1,0,1999,2907
"753","Russia (Soviet Union)",2001,1,0,0,0,1,0,1999,791
"754","Russia (Soviet Union)",2002,1,0,1,0,1,0,1999,1289
"755","Russia (Soviet Union)",2003,1,0,0,0,1,0,1999,480
"756","Russia (Soviet Union)",2004,1,0,1,0,1,0,1999,1151
"757","Russia (Soviet Union)",2005,1,0,0,0,1,0,1999,682
"758","Russia (Soviet Union)",2006,1,0,0,0,1,0,1999,259
"759","Russia (Soviet Union)",2007,1,1,0,0,1,0,1999,176
"760","Yemen (North Yemen)",1994,1,1,1,1,1,0,1994,1489
"761","Pakistan",1994,1,0,0,0,0,1,1994,38
"762","Pakistan",1995,1,0,0,0,0,1,1994,52
"763","Pakistan",1996,1,1,0,0,0,1,1994,42
"764","Pakistan",2010,1,0,1,0,0,1,2007,5574
"765","Niger",1995,1,1,0,0,1,0,1995,34
"766","Comoros",1997,1,1,0,0,1,0,1997,56
"767","Congo",1993,1,1,0,0,0,1,1993,53
"768","Congo",1997,1,0,1,0,0,1,1997,10033
"769","Congo",1998,1,0,1,0,0,1,1997,3272
"770","Congo",1999,1,1,0,0,0,1,1997,626
"771","Congo",2002,1,1,0,0,0,1,2002,167
"772","Congo",2016,1,1,0,0,0,1,2016,51
"773","Guinea-Bissau",1998,1,0,0,0,0,1,1998,505
"774","Guinea-Bissau",1999,1,1,0,0,0,1,1998,199
"775","Lesotho",1998,1,1,0,0,0,1,1998,78
"776","Serbia",1998,1,0,1,0,1,0,1998,1235
"777","Serbia",1999,1,1,1,1,1,0,1998,1404
"778","Ethiopia",1992,1,1,0,0,1,0,1983,165
"779","Ethiopia",1995,1,1,0,0,1,0,1994,25
"780","Uzbekistan",1999,1,0,0,0,0,1,1999,67
"781","Uzbekistan",2000,1,1,0,0,0,1,1999,471
"782","Uzbekistan",2004,1,1,0,0,0,1,2004,37
"783","Central African Republic",2001,1,0,0,0,0,1,2001,195
"784","Central African Republic",2002,1,1,0,0,0,1,2001,131
"785","Central African Republic",2006,1,1,0,0,0,1,2006,46
"786","Central African Republic",2009,1,0,0,0,0,1,2009,28
"787","Central African Republic",2010,1,0,0,0,0,1,2009,25
"788","Central African Republic",2011,1,0,0,0,0,1,2009,44
"789","Central African Republic",2012,1,0,0,0,0,1,2009,45
"790","Central African Republic",2013,1,1,0,0,0,1,2009,374
"791","Central African Republic",2018,1,0,0,0,0,1,2018,47
"792","Central African Republic",2019,1,0,0,0,0,1,2018,48
"793","North Macedonia",2001,1,1,0,0,0,1,2001,72
"794","United States of America",2001,1,0,1,0,0,1,2001,1583
"795","United States of America",2002,1,0,0,0,0,1,2001,878
"796","United States of America",2003,1,0,0,0,0,1,2001,65
"797","United States of America",2004,1,0,0,0,0,1,2001,378
"798","United States of America",2005,1,0,0,0,0,1,2001,108
"799","United States of America",2006,1,0,0,0,0,1,2001,246
"800","United States of America",2007,1,0,0,0,0,1,2001,174
"801","United States of America",2008,1,0,0,0,0,1,2001,290
"802","United States of America",2009,1,0,0,0,0,1,2001,450
"803","United States of America",2010,1,0,0,0,0,1,2001,313
"804","United States of America",2011,1,0,0,0,0,1,2001,203
"805","United States of America",2012,1,0,0,0,0,1,2001,225
"806","United States of America",2013,1,0,0,0,0,1,2001,38
"807","United States of America",2014,1,0,0,0,0,1,2001,131
"808","United States of America",2015,1,0,0,0,0,1,2001,65
"809","United States of America",2016,1,0,0,0,0,1,2001,117
"810","United States of America",2017,1,1,0,0,0,1,2001,111
"811","United States of America",2019,1,0,0,0,0,1,2019,37
"812","Ivory Coast",2002,1,0,0,0,0,1,2002,624
"813","Ivory Coast",2003,1,0,0,0,0,1,2002,139
"814","Ivory Coast",2004,1,1,0,0,0,1,2002,47
"815","Ivory Coast",2011,1,1,0,0,0,1,2011,98
"816","Thailand",2003,1,0,0,0,1,0,2003,26
"817","Thailand",2004,1,0,0,0,1,0,2003,164
"818","Thailand",2005,1,0,0,0,1,0,2003,205
"819","Thailand",2006,1,0,0,0,1,0,2003,212
"820","Thailand",2007,1,0,0,0,1,0,2003,197
"821","Thailand",2008,1,0,0,0,1,0,2003,130
"822","Thailand",2009,1,0,0,0,1,0,2003,138
"823","Thailand",2010,1,0,0,0,1,0,2003,75
"824","Thailand",2011,1,0,0,0,1,0,2003,143
"825","Thailand",2012,1,0,0,0,1,0,2003,131
"826","Thailand",2013,1,0,0,0,1,0,2003,189
"827","Thailand",2014,1,0,0,0,1,0,2003,68
"828","Thailand",2015,1,0,0,0,1,0,2003,57
"829","Thailand",2016,1,0,0,0,1,0,2003,50
"830","Thailand",2017,1,0,0,0,1,0,2003,43
"831","Thailand",2018,1,0,0,0,1,0,2003,36
"832","Thailand",2019,1,0,0,0,1,0,2003,55
"833","Nigeria",2004,1,1,0,0,1,0,2004,130
"834","Israel",1997,1,0,0,0,1,0,1990,82
"835","Israel",1998,1,0,0,0,1,0,1990,54
"836","Israel",1999,1,1,0,0,1,0,1990,41
"837","Niger",1991,1,0,0,0,0,1,1991,40
"838","Niger",1992,1,1,0,0,0,1,1991,29
"839","Niger",1997,1,1,0,0,0,1,1997,62
"840","Niger",2007,1,0,0,0,0,1,2007,81
"841","Niger",2008,1,1,0,0,0,1,2007,47
"842","Russia (Soviet Union)",2008,1,0,0,0,1,0,2007,404
"843","Russia (Soviet Union)",2009,1,0,0,0,1,0,2007,696
"844","Russia (Soviet Union)",2010,1,0,0,0,1,0,2007,418
"845","Russia (Soviet Union)",2011,1,0,0,0,1,0,2007,359
"846","Russia (Soviet Union)",2012,1,0,0,0,1,0,2007,516
"847","Russia (Soviet Union)",2013,1,0,0,0,1,0,2007,321
"848","Russia (Soviet Union)",2014,1,0,0,0,1,0,2007,173
"849","Mauritania",2010,1,0,0,0,0,1,2010,29
"850","Mauritania",2011,1,1,0,0,0,1,2010,26
